"Source:","/Users/spud/Documents/GitHub/spud-hardware/Design/spudglo_driver_v4p2/spudglo_driver_v4p2/spudglo_driver_v4p2.kicad_sch"
"Date:","Monday, April 03, 2023 at 08:30:24 PM"
"Tool:","Eeschema (6.0.10-0)"
"Generator:","/Applications/KiCad/KiCad.app/Contents/SharedSupport/plugins/bom_csv_grouped_by_value.py"
"Component Count:","81"

"Individual Components:"

"Item","Qty","Reference(s)","Value","LibPart","Footprint","Datasheet","AVAILABILITY","DESCRIPTION","MF","MP","PACKAGE","PARTREV","STANDARD"
"","","C1","1u","Device:C_Small","Capacitor_SMD:C_0603_1608Metric_Pad1.08x0.95mm_HandSolder","~","","","","","","",""
"","","C2","1u","Device:C_Small","Capacitor_SMD:C_0603_1608Metric_Pad1.08x0.95mm_HandSolder","~","","","","","","",""
"","","C3","6p","spudglo_driver_v3p1-rescue:CP_Small-Device","Capacitor_SMD:C_0603_1608Metric_Pad1.08x0.95mm_HandSolder","","","","","","","",""
"","","C4","8p","spudglo_driver_v3p1-rescue:CP_Small-Device","Capacitor_SMD:C_0603_1608Metric_Pad1.08x0.95mm_HandSolder","","","","","","","",""
"","","C5","8p","spudglo_driver_v3p1-rescue:CP_Small-Device","Capacitor_SMD:C_0603_1608Metric_Pad1.08x0.95mm_HandSolder","","","","","","","",""
"","","C6","0.1u","spudglo_driver_v3p1-rescue:CP_Small-Device","Capacitor_SMD:C_0603_1608Metric_Pad1.08x0.95mm_HandSolder","","","","","","","",""
"","","C7","6p","spudglo_driver_v3p1-rescue:CP_Small-Device","Capacitor_SMD:C_0603_1608Metric_Pad1.08x0.95mm_HandSolder","","","","","","","",""
"","","C8","0.1u","spudglo_driver_v3p1-rescue:CP_Small-Device","Capacitor_SMD:C_0603_1608Metric_Pad1.08x0.95mm_HandSolder","","","","","","","",""
"","","C9","0.1u","spudglo_driver_v3p1-rescue:CP_Small-Device","Capacitor_SMD:C_0603_1608Metric_Pad1.08x0.95mm_HandSolder","","","","","","","",""
"","","C10","0.1u","spudglo_driver_v3p1-rescue:CP_Small-Device","Capacitor_SMD:C_0603_1608Metric_Pad1.08x0.95mm_HandSolder","","","","","","","",""
"","","C11","0.1u","spudglo_driver_v3p1-rescue:CP_Small-Device","Capacitor_SMD:C_0603_1608Metric_Pad1.08x0.95mm_HandSolder","","","","","","","",""
"","","C12","0.1u","spudglo_driver_v3p1-rescue:CP_Small-Device","Capacitor_SMD:C_0603_1608Metric_Pad1.08x0.95mm_HandSolder","","","","","","","",""
"","","C13","0.1u","spudglo_driver_v3p1-rescue:CP_Small-Device","Capacitor_SMD:C_0603_1608Metric_Pad1.08x0.95mm_HandSolder","","","","","","","",""
"","","C14","4.7u","spudglo_driver_v3p1-rescue:CP_Small-Device","Capacitor_SMD:C_0603_1608Metric_Pad1.08x0.95mm_HandSolder","","","","","","","",""
"","","C15","1u","spudglo_driver_v3p1-rescue:CP_Small-Device","Capacitor_SMD:C_0603_1608Metric_Pad1.08x0.95mm_HandSolder","","","","","","","",""
"","","C16","0.01u","spudglo_driver_v3p1-rescue:CP_Small-Device","Capacitor_SMD:C_0603_1608Metric_Pad1.08x0.95mm_HandSolder","","","","","","","",""
"","","C17","1u","spudglo_driver_v3p1-rescue:CP_Small-Device","Capacitor_SMD:C_0603_1608Metric_Pad1.08x0.95mm_HandSolder","","","","","","","",""
"","","C18","1u","spudglo_driver_v3p1-rescue:CP_Small-Device","Capacitor_SMD:C_0603_1608Metric_Pad1.08x0.95mm_HandSolder","","","","","","","",""
"","","C19","10u","spudglo_driver_v3p1-rescue:CP_Small-Device","Capacitor_SMD:C_0603_1608Metric_Pad1.08x0.95mm_HandSolder","","","","","","","",""
"","","C25","1u","spudglo_driver_v3p1-rescue:CP_Small-Device","Capacitor_SMD:C_0603_1608Metric_Pad1.08x0.95mm_HandSolder","","","","","","","",""
"","","C26","1u","spudglo_driver_v3p1-rescue:CP_Small-Device","Capacitor_SMD:C_0603_1608Metric_Pad1.08x0.95mm_HandSolder","","","","","","","",""
"","","C27","1u","spudglo_driver_v3p1-rescue:CP_Small-Device","Capacitor_SMD:C_0603_1608Metric_Pad1.08x0.95mm_HandSolder","","","","","","","",""
"","","C28","1u","spudglo_driver_v3p1-rescue:CP_Small-Device","Capacitor_SMD:C_0603_1608Metric_Pad1.08x0.95mm_HandSolder","","","","","","","",""
"","","F1","Fuse-2410FA","srw_custom:Fuse-2410FA","srw_custom:2410FA","","","","","","","",""
"","","J1","Conn_01x08_Male","Connector:Conn_01x08_Male","Connector_PinHeader_2.54mm:PinHeader_2x04_P2.54mm_Vertical","~","","","","","","",""
"","","J2","Barrel_Jack_Switch","Connector:Barrel_Jack_Switch","Connector_BarrelJack:BarrelJack_Wuerth_6941xx301002","~","","","","","","",""
"","","J3","terminal_custom_12pin","srw_custom:terminal_custom_12pin","srw_custom:1984714","","","","","","","",""
"","","J4","Conn_01x08_Male","Connector:Conn_01x08_Male","Connector_PinHeader_2.54mm:PinHeader_1x08_P2.54mm_Vertical","~","","","","","","",""
"","","J5","Conn_01x02_Male","Connector:Conn_01x02_Male","Connector_PinHeader_2.54mm:PinHeader_1x02_P2.54mm_Vertical","~","","","","","","",""
"","","MH1","MountingHole_Pad","Mechanical:MountingHole_Pad","MountingHole:MountingHole_3mm","~","","","","","","",""
"","","MH2","MountingHole_Pad","Mechanical:MountingHole_Pad","MountingHole:MountingHole_3mm","~","","","","","","",""
"","","R1","10k","Device:R","Resistor_SMD:R_0603_1608Metric_Pad0.98x0.95mm_HandSolder","~","","","","","","",""
"","","R2","10k","Device:R","Resistor_SMD:R_0603_1608Metric_Pad0.98x0.95mm_HandSolder","~","","","","","","",""
"","","R3","10k","Device:R","Resistor_SMD:R_0603_1608Metric_Pad0.98x0.95mm_HandSolder","~","","","","","","",""
"","","R4","10k","Device:R","Resistor_SMD:R_0603_1608Metric_Pad0.98x0.95mm_HandSolder","~","","","","","","",""
"","","R5","10k","Device:R","Resistor_SMD:R_0603_1608Metric_Pad0.98x0.95mm_HandSolder","~","","","","","","",""
"","","R6","1k","Device:R","Resistor_SMD:R_0603_1608Metric_Pad0.98x0.95mm_HandSolder","~","","","","","","",""
"","","R7","1k","Device:R","Resistor_SMD:R_0603_1608Metric_Pad0.98x0.95mm_HandSolder","~","","","","","","",""
"","","R8","1k","Device:R","Resistor_SMD:R_0603_1608Metric_Pad0.98x0.95mm_HandSolder","~","","","","","","",""
"","","R9","1k","Device:R","Resistor_SMD:R_0603_1608Metric_Pad0.98x0.95mm_HandSolder","~","","","","","","",""
"","","R10","10k","Device:R","Resistor_SMD:R_0603_1608Metric_Pad0.98x0.95mm_HandSolder","~","","","","","","",""
"","","R11","10k","Device:R","Resistor_SMD:R_0603_1608Metric_Pad0.98x0.95mm_HandSolder","~","","","","","","",""
"","","R12","10k","Device:R","Resistor_SMD:R_0603_1608Metric_Pad0.98x0.95mm_HandSolder","~","","","","","","",""
"","","R13","10k","Device:R","Resistor_SMD:R_0603_1608Metric_Pad0.98x0.95mm_HandSolder","~","","","","","","",""
"","","R14","10k","Device:R","Resistor_SMD:R_0603_1608Metric_Pad0.98x0.95mm_HandSolder","~","","","","","","",""
"","","R15","10k","Device:R","Resistor_SMD:R_0603_1608Metric_Pad0.98x0.95mm_HandSolder","~","","","","","","",""
"","","R16","10k","Device:R","Resistor_SMD:R_0603_1608Metric_Pad0.98x0.95mm_HandSolder","~","","","","","","",""
"","","R17","10k","Device:R","Resistor_SMD:R_0603_1608Metric_Pad0.98x0.95mm_HandSolder","~","","","","","","",""
"","","R18","10k","Device:R","Resistor_SMD:R_0603_1608Metric_Pad0.98x0.95mm_HandSolder","~","","","","","","",""
"","","R19","10k","Device:R","Resistor_SMD:R_0603_1608Metric_Pad0.98x0.95mm_HandSolder","~","","","","","","",""
"","","R20","10k","Device:R","Resistor_SMD:R_0603_1608Metric_Pad0.98x0.95mm_HandSolder","~","","","","","","",""
"","","R21","10k","Device:R","Resistor_SMD:R_0603_1608Metric_Pad0.98x0.95mm_HandSolder","~","","","","","","",""
"","","R22","10k","Device:R","Resistor_SMD:R_0603_1608Metric_Pad0.98x0.95mm_HandSolder","~","","","","","","",""
"","","R23","DNI","Device:R","Resistor_SMD:R_0603_1608Metric_Pad0.98x0.95mm_HandSolder","~","","","","","","",""
"","","R24","DNI","Device:R","Resistor_SMD:R_0603_1608Metric_Pad0.98x0.95mm_HandSolder","~","","","","","","",""
"","","R25","5.1k","Device:R","Resistor_SMD:R_0603_1608Metric_Pad0.98x0.95mm_HandSolder","~","","","","","","",""
"","","R26","5.1k","Device:R","Resistor_SMD:R_0603_1608Metric_Pad0.98x0.95mm_HandSolder","~","","","","","","",""
"","","R27","0","Device:R","Resistor_SMD:R_0603_1608Metric_Pad0.98x0.95mm_HandSolder","~","","","","","","",""
"","","R28","0","Device:R","Resistor_SMD:R_0603_1608Metric_Pad0.98x0.95mm_HandSolder","~","","","","","","",""
"","","R29","0","Device:R","Resistor_SMD:R_0603_1608Metric_Pad0.98x0.95mm_HandSolder","~","","","","","","",""
"","","R30","0","Device:R","Resistor_SMD:R_0603_1608Metric_Pad0.98x0.95mm_HandSolder","~","","","","","","",""
"","","R31","0","Device:R","Resistor_SMD:R_0603_1608Metric_Pad0.98x0.95mm_HandSolder","~","","","","","","",""
"","","R32","DNI","Device:R","Resistor_SMD:R_0603_1608Metric_Pad0.98x0.95mm_HandSolder","~","","","","","","",""
"","","R33","10k","Device:R","Resistor_SMD:R_0603_1608Metric_Pad0.98x0.95mm_HandSolder","~","","","","","","",""
"","","R34","10k","Device:R","Resistor_SMD:R_0603_1608Metric_Pad0.98x0.95mm_HandSolder","~","","","","","","",""
"","","R35","28k","Device:R","Resistor_SMD:R_0603_1608Metric_Pad0.98x0.95mm_HandSolder","~","","","","","","",""
"","","R36","10k","Device:R","Resistor_SMD:R_0603_1608Metric_Pad0.98x0.95mm_HandSolder","~","","","","","","",""
"","","U1","receiver_433MHz","spudglo_driver_v3p1-rescue:receiver_433MHz-srw_custom","Connector_PinHeader_2.54mm:PinHeader_1x05_P2.54mm_Vertical","","","","","","","",""
"","","U2","TXS0104EDR","srw_custom:TXS0104EDR","Package_SO:SOIC-14_3.9x8.7mm_P1.27mm","","","","","","","",""
"","","U3","receiver_433MHz","spudglo_driver_v3p1-rescue:receiver_433MHz-srw_custom","Connector_PinHeader_2.54mm:PinHeader_1x05_P2.54mm_Vertical","","","","","","","",""
"","","U4","receiver_433MHz","spudglo_driver_v3p1-rescue:receiver_433MHz-srw_custom","Connector_PinHeader_2.54mm:PinHeader_1x05_P2.54mm_Vertical","","","","","","","",""
"","","U5","receiver_433MHz","spudglo_driver_v3p1-rescue:receiver_433MHz-srw_custom","Connector_PinHeader_2.54mm:PinHeader_1x05_P2.54mm_Vertical","","","","","","","",""
"","","U6","PS2501-4","spudglo_driver_v3p1-rescue:PS2501-4-srw_custom","srw_custom:PS2501-4XSM","","","","","","","",""
"","","U7","ECS-.327-9-1210-TR","Device:Crystal","ECS-:XTAL_ECS-.327-9-1210-TR","~","","","","","","",""
"","","U8","ECS-480-8-36-RWN-TR","spudglo_driver_v3p1-rescue:ECS-480-8-36-RWN-TR-ECS-480-8-36-RWN-TR","XTAL_ECS-480-8-36-RWN-TR","","Good","The minature ECX-2236 is a compact SMD Crystal. The industry standard 2.5 x 2.0 x 0.55 mm ceramic package is ideal for today’s SMD manufacturing environment.","ECS INC","ECX-2236","SMD-4 ECX","2017","Manufacturer Recommendation"
"","","U9","SN74HCT245PW","spudglo_driver_v3p1-rescue:SN74HCT245PW-srw_custom","Package_SO:TSSOP-20_4.4x6.5mm_P0.65mm","","","","","","","",""
"","","U10","STM32L431RCTx","spudglo_driver_v3p1-rescue:STM32L431RCTx-MCU_ST_STM32L4","Package_QFP:LQFP-64_10x10mm_P0.5mm","http://www.st.com/st-web-ui/static/active/en/resource/technical/document/datasheet/DM00257211.pdf","","","","","","",""
"","","U11","LP5907MFX-3.3","Regulator_Linear:LP5907MFX-3.3","Package_TO_SOT_SMD:SOT-23-5","http://www.ti.com/lit/ds/symlink/lp5907.pdf","","","","","","",""
"","","U12","USB-C-31-M-12","srw_custom:USB-C-31-M-12","Connector_USB:USB_C_Receptacle_HRO_TYPE-C-31-M-12","","","","","","","",""
"","","U13","XR21B1411",":XR21B1411_1","srw_custom:XR21B1411","","","","","","","",""
"","","U14","NCP361",":NCP361_1","srw_custom:NCP361","","","","","","","",""



"Collated Components:"

"Item","Qty","Reference(s)","Value","LibPart","Footprint","Datasheet","AVAILABILITY","DESCRIPTION","MF","MP","PACKAGE","PARTREV","STANDARD"
"1","2","C1, C2","1u","Device:C_Small","Capacitor_SMD:C_0603_1608Metric_Pad1.08x0.95mm_HandSolder","~","","","","","","",""
"2","2","C3, C7","6p","spudglo_driver_v3p1-rescue:CP_Small-Device","Capacitor_SMD:C_0603_1608Metric_Pad1.08x0.95mm_HandSolder","","","","","","","",""
"3","2","C4, C5","8p","spudglo_driver_v3p1-rescue:CP_Small-Device","Capacitor_SMD:C_0603_1608Metric_Pad1.08x0.95mm_HandSolder","","","","","","","",""
"4","7","C6, C8, C9, C10, C11, C12, C13","0.1u","spudglo_driver_v3p1-rescue:CP_Small-Device","Capacitor_SMD:C_0603_1608Metric_Pad1.08x0.95mm_HandSolder","","","","","","","",""
"5","1","C14","4.7u","spudglo_driver_v3p1-rescue:CP_Small-Device","Capacitor_SMD:C_0603_1608Metric_Pad1.08x0.95mm_HandSolder","","","","","","","",""
"6","7","C15, C17, C18, C25, C26, C27, C28","1u","spudglo_driver_v3p1-rescue:CP_Small-Device","Capacitor_SMD:C_0603_1608Metric_Pad1.08x0.95mm_HandSolder","","","","","","","",""
"7","1","C16","0.01u","spudglo_driver_v3p1-rescue:CP_Small-Device","Capacitor_SMD:C_0603_1608Metric_Pad1.08x0.95mm_HandSolder","","","","","","","",""
"8","1","C19","10u","spudglo_driver_v3p1-rescue:CP_Small-Device","Capacitor_SMD:C_0603_1608Metric_Pad1.08x0.95mm_HandSolder","","","","","","","",""
"9","1","F1","Fuse-2410FA","srw_custom:Fuse-2410FA","srw_custom:2410FA","","","","","","","",""
"10","1","J1","Conn_01x08_Male","Connector:Conn_01x08_Male","Connector_PinHeader_2.54mm:PinHeader_2x04_P2.54mm_Vertical","~","","","","","","",""
"11","1","J2","Barrel_Jack_Switch","Connector:Barrel_Jack_Switch","Connector_BarrelJack:BarrelJack_Wuerth_6941xx301002","~","","","","","","",""
"12","1","J3","terminal_custom_12pin","srw_custom:terminal_custom_12pin","srw_custom:1984714","","","","","","","",""
"13","1","J4","Conn_01x08_Male","Connector:Conn_01x08_Male","Connector_PinHeader_2.54mm:PinHeader_1x08_P2.54mm_Vertical","~","","","","","","",""
"14","1","J5","Conn_01x02_Male","Connector:Conn_01x02_Male","Connector_PinHeader_2.54mm:PinHeader_1x02_P2.54mm_Vertical","~","","","","","","",""
"15","2","MH1, MH2","MountingHole_Pad","Mechanical:MountingHole_Pad","MountingHole:MountingHole_3mm","~","","","","","","",""
"16","21","R1, R2, R3, R4, R5, R10, R11, R12, R13, R14, R15, R16, R17, R18, R19, R20, R21, R22, R33, R34, R36","10k","Device:R","Resistor_SMD:R_0603_1608Metric_Pad0.98x0.95mm_HandSolder","~","","","","","","",""
"17","4","R6, R7, R8, R9","1k","Device:R","Resistor_SMD:R_0603_1608Metric_Pad0.98x0.95mm_HandSolder","~","","","","","","",""
"18","3","R23, R24, R32","DNI","Device:R","Resistor_SMD:R_0603_1608Metric_Pad0.98x0.95mm_HandSolder","~","","","","","","",""
"19","2","R25, R26","5.1k","Device:R","Resistor_SMD:R_0603_1608Metric_Pad0.98x0.95mm_HandSolder","~","","","","","","",""
"20","5","R27, R28, R29, R30, R31","0","Device:R","Resistor_SMD:R_0603_1608Metric_Pad0.98x0.95mm_HandSolder","~","","","","","","",""
"21","1","R35","28k","Device:R","Resistor_SMD:R_0603_1608Metric_Pad0.98x0.95mm_HandSolder","~","","","","","","",""
"22","4","U1, U3, U4, U5","receiver_433MHz","spudglo_driver_v3p1-rescue:receiver_433MHz-srw_custom","Connector_PinHeader_2.54mm:PinHeader_1x05_P2.54mm_Vertical","","","","","","","",""
"23","1","U2","TXS0104EDR","srw_custom:TXS0104EDR","Package_SO:SOIC-14_3.9x8.7mm_P1.27mm","","","","","","","",""
"24","1","U6","PS2501-4","spudglo_driver_v3p1-rescue:PS2501-4-srw_custom","srw_custom:PS2501-4XSM","","","","","","","",""
"25","1","U7","ECS-.327-9-1210-TR","Device:Crystal","ECS-:XTAL_ECS-.327-9-1210-TR","~","","","","","","",""
"26","1","U8","ECS-480-8-36-RWN-TR","spudglo_driver_v3p1-rescue:ECS-480-8-36-RWN-TR-ECS-480-8-36-RWN-TR","XTAL_ECS-480-8-36-RWN-TR","","Good","The minature ECX-2236 is a compact SMD Crystal. The industry standard 2.5 x 2.0 x 0.55 mm ceramic package is ideal for today’s SMD manufacturing environment.","ECS INC","ECX-2236","SMD-4 ECX","2017","Manufacturer Recommendation"
"27","1","U9","SN74HCT245PW","spudglo_driver_v3p1-rescue:SN74HCT245PW-srw_custom","Package_SO:TSSOP-20_4.4x6.5mm_P0.65mm","","","","","","","",""
"28","1","U10","STM32L431RCTx","spudglo_driver_v3p1-rescue:STM32L431RCTx-MCU_ST_STM32L4","Package_QFP:LQFP-64_10x10mm_P0.5mm","http://www.st.com/st-web-ui/static/active/en/resource/technical/document/datasheet/DM00257211.pdf","","","","","","",""
"29","1","U11","LP5907MFX-3.3","Regulator_Linear:LP5907MFX-3.3","Package_TO_SOT_SMD:SOT-23-5","http://www.ti.com/lit/ds/symlink/lp5907.pdf","","","","","","",""
"30","1","U12","USB-C-31-M-12","srw_custom:USB-C-31-M-12","Connector_USB:USB_C_Receptacle_HRO_TYPE-C-31-M-12","","","","","","","",""
"31","1","U13","XR21B1411",":XR21B1411_1","srw_custom:XR21B1411","","","","","","","",""
"32","1","U14","NCP361",":NCP361_1","srw_custom:NCP361","","","","","","","",""
